{
  "project_info": {
    "project_number": "469791627264",
    "firebase_url": "https://location-7317e.firebaseio.com",
    "project_id": "location-7317e",
    "storage_bucket": "location-7317e.appspot.com"
  },
  "client": [
    {
      "client_info": {
        "mobilesdk_app_id": "1:469791627264:android:0ad65e736b7535bb25a0e5",
        "android_client_info": {
          "package_name": "com.infodart.location"
        }
      },
      "oauth_client": [
        {
          "client_id": "469791627264-8tb5fh57plfem003u19tcbtejqo6qrmh.apps.googleusercontent.com",
          "client_type": 1,
          "android_info": {
            "package_name": "com.infodart.location",
            "certificate_hash": "16aefcf1705dad2306ab948441682f276a0c68a0"
          }
        },
        {
          "client_id": "469791627264-nkdjo4pdmso8k763akj51rnimdbhitcb.apps.googleusercontent.com",
          "client_type": 3
        }
      ],
      "api_key": [
        {
          "current_key": "AIzaSyDyB4MMOsnEJDZF2Daa9tHXlpcBzIT3-Eo"
        }
      ],
      "services": {
        "appinvite_service": {
          "other_platform_oauth_client": [
            {
              "client_id": "469791627264-nkdjo4pdmso8k763akj51rnimdbhitcb.apps.googleusercontent.com",
              "client_type": 3
            }
          ]
        }
      }
    }
  ],
  "configuration_version": "1"
}